{"mean": [0.3801101743870956, 0.4007914969374429, 0.3990089290578706, 0.3984925706510414, 0.4029897397708336, 0.390538039876563, 0.34032666051226806, 0.32184844394103007, 0.3261758539237847, 0.33680667113524393, 0.34123707479074156, 0.35670438440850727, 0.19841821181863464, 0.20162489294369232, 0.2074582621701391, 0.20752939389814792, 0.2068173312201964, 0.19690593554670133, 0.18714485543998857, 0.20007452612922444, 0.20773387343524277, 0.21393387307691006, 0.20570148689612278, 0.1956527914307291, 0.8101820843368058, 0.8266851245248843, 0.856089437418981, 0.8311146697766211, 0.8197332972395839, 0.8129061315966436, 0.8112976516093766, 0.84745452412963, 0.8451277509357646, 0.8435483818130792, 0.8175939372199074, 0.7913430977042827], "scale": [0.2491028462650182, 0.2699705882537129, 0.2532318205126316, 0.2506965270037803, 0.2650159509668031, 0.26192012507175577, 0.2182309514809616, 0.20791552863285148, 0.20555126326618692, 0.21414368754208252, 0.21500412176671754, 0.24556864646254545, 0.1073984069734592, 0.11012153517595784, 0.10849372025160009, 0.11348736037930454, 0.11485937720205648, 0.10261402731288966, 0.09457449302325402, 0.09316818583721087, 0.09991627144097241, 0.10336325427074639, 0.10701922024090989, 0.10912102064738942, 0.2832956988633269, 0.27096141755571745, 0.23736359458286999, 0.2489574757141031, 0.2649625476851411, 0.27148945595426793, 0.2693754328604854, 0.25983118515663384, 0.25813603469025065, 0.267797783552851, 0.27334205191621563, 0.2902410297548127], "feature_names": ["chroma_stft_1", "chroma_stft_2", "chroma_stft_3", "chroma_stft_4", "chroma_stft_5", "chroma_stft_6", "chroma_stft_7", "chroma_stft_8", "chroma_stft_9", "chroma_stft_10", "chroma_stft_11", "chroma_stft_12", "chroma_stft_std_1", "chroma_stft_std_2", "chroma_stft_std_3", "chroma_stft_std_4", "chroma_stft_std_5", "chroma_stft_std_6", "chroma_stft_std_7", "chroma_stft_std_8", "chroma_stft_std_9", "chroma_stft_std_10", "chroma_stft_std_11", "chroma_stft_std_12", "chroma_stft_max_1", "chroma_stft_max_2", "chroma_stft_max_3", "chroma_stft_max_4", "chroma_stft_max_5", "chroma_stft_max_6", "chroma_stft_max_7", "chroma_stft_max_8", "chroma_stft_max_9", "chroma_stft_max_10", "chroma_stft_max_11", "chroma_stft_max_12"]}